{
  "val_macro_f1": 0.8104882218796894,
  "val_accuracy": 0.8339613754121527,
  "val_loss": 0.5603891733789915
}