{
  "val_macro_f1": 0.8118348960465278,
  "val_accuracy": 0.8371408384361753,
  "val_loss": 0.5514143303043708
}