{
  "val_macro_f1": 0.7921769975166657,
  "val_accuracy": 0.8164154498351389,
  "val_loss": 0.6169519003022689
}