{
  "val_macro_f1": 0.8103927931560405,
  "val_accuracy": 0.833843617522374,
  "val_loss": 0.5603896892413294
}