{
  "val_macro_f1": 0.8620908457047851,
  "val_accuracy": 0.8752943947244466,
  "val_loss": 0.4395797385172186
}