{
  "val_macro_f1": 0.8539766357833578,
  "val_accuracy": 0.8669335845501649,
  "val_loss": 0.44998071893340735
}