{
  "val_macro_f1": 0.8026104226103342,
  "val_accuracy": 0.8293688177107866,
  "val_loss": 0.5754845173809251
}