{
  "val_macro_f1": 0.8000547278941718,
  "val_accuracy": 0.8277202072538861,
  "val_loss": 0.5539956079638908
}
