{
  "val_macro_f1": 0.8712570500199552,
  "val_accuracy": 0.8840084785680641,
  "val_loss": 0.4118007065353672
}