{
  "val_macro_f1": 0.8494782211901821,
  "val_accuracy": 0.8638718794159209,
  "val_loss": 0.4526350928318708
}