{
  "val_macro_f1": 0.8609201610699965,
  "val_accuracy": 0.8734102684879888,
  "val_loss": 0.43839691887472354
}