{
  "val_macro_f1": 0.8758423166698738,
  "val_accuracy": 0.8877767310409798,
  "val_loss": 0.44014685228291517
}