{
  "val_macro_f1": 0.8155402367222541,
  "val_accuracy": 0.8411446066886481,
  "val_loss": 0.5434741990441597
}