{
  "val_macro_f1": 0.814710597148565,
  "val_accuracy": 0.8394959962317475,
  "val_loss": 0.5476367820898318
}