{
  "val_macro_f1": 0.8682331358776816,
  "val_accuracy": 0.8801224682053698,
  "val_loss": 0.464167073895445
}