{
  "val_macro_f1": 0.8553282240884782,
  "val_accuracy": 0.867169100329722,
  "val_loss": 0.4493767398177482
}