{
  "val_macro_f1": 0.8082314081223012,
  "val_accuracy": 0.8297220913801224,
  "val_loss": 0.5785618878399152
}