{
  "val_macro_f1": 0.8705529327594074,
  "val_accuracy": 0.8821243523316062,
  "val_loss": 0.4395797385172186
}
