{
  "val_macro_f1": 0.8703108429798632,
  "val_accuracy": 0.8822421102213849,
  "val_loss": 0.42883644127025955
}