{
  "val_macro_f1": 0.7966569568325712,
  "val_accuracy": 0.8192416391898257,
  "val_loss": 0.600113284121804
}