{
  "val_macro_f1": 0.8706476453668939,
  "val_accuracy": 0.8814178049929345,
  "val_loss": 0.4568337249449835
}