{
  "val_macro_f1": 0.8763494389106986,
  "val_accuracy": 0.8875412152614225,
  "val_loss": 0.4191786784203166
}